{
    "experiment_info": {
        "type": "augmented_model",
        "model": "ResNet50",
        "epochs": 30,
        "batch_size": 32,
        "learning_rate": 1e-05,
        "data_augmentation": {
            "rotation_range": 15,
            "width_shift_range": 0.1,
            "height_shift_range": 0.1,
            "horizontal_flip": true,
            "zoom_range": 0.1
        },
        "frozen_layers": "all"
    },
    "training_metrics": {
        "best_accuracy": {
            "training": 0.827534019947052,
            "validation": 0.8500000238418579,
            "test": 0.7333333492279053
        },
        "final_loss": {
            "training": 0.4398486018180847,
            "validation": 0.527339518070221,
            "test": 0.6515876054763794
        },
        "final_epoch": 15,
        "stopped_early": true
    },
    "per_class_metrics": {
        "Healthy": {
            "precision": 0.2878787878787879,
            "recall": 0.38,
            "f1_score": 0.3275862068965517
        },
        "Powdery": {
            "precision": 0.3617021276595745,
            "recall": 0.34,
            "f1_score": 0.3505154639175258
        },
        "Rust": {
            "precision": 0.1891891891891892,
            "recall": 0.14,
            "f1_score": 0.16091954022988506
        }
    },
    "confusion_matrix": [
        [
            19,
            13,
            18
        ],
        [
            21,
            17,
            12
        ],
        [
            26,
            17,
            7
        ]
    ]
}
