{
    "experiment_info": {
        "type": "augmented_model",
        "model": "ResNet50",
        "epochs": 30,
        "batch_size": 32,
        "learning_rate": 0.001,
        "data_augmentation": {
            "rotation_range": 15,
            "width_shift_range": 0.1,
            "height_shift_range": 0.1,
            "horizontal_flip": true,
            "zoom_range": 0.1
        },
        "frozen_layers": "all"
    },
    "training_metrics": {
        "best_accuracy": {
            "training": 0.6134644746780396,
            "validation": 0.6166666746139526,
            "test": 0.5533333420753479
        },
        "final_loss": {
            "training": 0.9345356822013855,
            "validation": 0.8935232758522034,
            "test": 0.9541797041893005
        },
        "final_epoch": 23,
        "stopped_early": true
    },
    "per_class_metrics": {
        "Healthy": {
            "precision": 0.34177215189873417,
            "recall": 0.54,
            "f1_score": 0.41860465116279066
        },
        "Powdery": {
            "precision": 0.2631578947368421,
            "recall": 0.2,
            "f1_score": 0.22727272727272727
        },
        "Rust": {
            "precision": 0.3333333333333333,
            "recall": 0.22,
            "f1_score": 0.26506024096385544
        }
    },
    "confusion_matrix": [
        [
            27,
            11,
            12
        ],
        [
            30,
            10,
            10
        ],
        [
            22,
            17,
            11
        ]
    ]
}