{
    "experiment_info": {
        "type": "augmented_model",
        "model": "ResNet50",
        "epochs": 30,
        "batch_size": 32,
        "learning_rate": 0.001,
        "data_augmentation": {
            "rotation_range": 15,
            "width_shift_range": 0.1,
            "height_shift_range": 0.1,
            "horizontal_flip": true,
            "zoom_range": 0.1
        },
        "frozen_layers": "all"
    },
    "training_metrics": {
        "best_accuracy": {
            "training": 0.5945537090301514,
            "validation": 0.6000000238418579,
            "test": 0.5199999809265137
        },
        "final_loss": {
            "training": 0.9280403852462769,
            "validation": 0.8626575469970703,
            "test": 0.9678294062614441
        },
        "final_epoch": 15,
        "stopped_early": true
    },
    "per_class_metrics": {
        "Healthy": {
            "precision": 0.2857142857142857,
            "recall": 0.44,
            "f1_score": 0.34645669291338577
        },
        "Powdery": {
            "precision": 0.2857142857142857,
            "recall": 0.4,
            "f1_score": 0.3333333333333333
        },
        "Rust": {
            "precision": 0.3333333333333333,
            "recall": 0.02,
            "f1_score": 0.03773584905660377
        }
    },
    "confusion_matrix": [
        [
            22,
            27,
            1
        ],
        [
            29,
            20,
            1
        ],
        [
            26,
            23,
            1
        ]
    ]
}