{
    "experiment_info": {
        "type": "custom_cnn",
        "model": "CustomCNN",
        "epochs": 50,
        "batch_size": 16,
        "learning_rate": 0.001,
        "trainable_parameters": 6447107
    },
    "training_metrics": {
        "best_accuracy": {
            "training": 0.9282341599464417,
            "validation": 0.927756667137146,
            "test": 0.8933333158493042
        },
        "final_loss": {
            "training": 1.7972402572631836,
            "validation": 1.9591618776321411,
            "test": 1.3505852222442627
        },
        "final_epoch": 33,
        "stopped_early": true
    },
    "per_class_metrics": {
        "Healthy": {
            "precision": 0.225,
            "recall": 0.18,
            "f1_score": 0.2
        },
        "Powdery": {
            "precision": 0.2857142857142857,
            "recall": 0.28,
            "f1_score": 0.2828282828282828
        },
        "Rust": {
            "precision": 0.26229508196721313,
            "recall": 0.32,
            "f1_score": 0.2882882882882883
        }
    },
    "confusion_matrix": [
        [
            9,
            17,
            24
        ],
        [
            15,
            14,
            21
        ],
        [
            16,
            18,
            16
        ]
    ]
}