{
    "experiment_info": {
        "type": "base_model",
        "model": "VGG16",
        "epochs": 30,
        "batch_size": 32,
        "learning_rate": 1e-05,
        "data_augmentation": false,
        "frozen_layers": "all"
    },
    "training_metrics": {
        "best_accuracy": {
            "training": 0.9992435574531555,
            "validation": 0.9833333492279053,
            "test": 0.9666666388511658
        },
        "final_loss": {
            "training": 0.004585441201925278,
            "validation": 0.06946133077144623,
            "test": 0.15461868047714233
        },
        "final_epoch": 9,
        "stopped_early": true
    },
    "per_class_metrics": {
        "Healthy": {
            "precision": 0.23529411764705882,
            "recall": 0.24,
            "f1_score": 0.2376237623762376
        },
        "Powdery": {
            "precision": 0.2708333333333333,
            "recall": 0.26,
            "f1_score": 0.2653061224489796
        },
        "Rust": {
            "precision": 0.21568627450980393,
            "recall": 0.22,
            "f1_score": 0.21782178217821785
        }
    },
    "confusion_matrix": [
        [
            12,
            17,
            21
        ],
        [
            18,
            13,
            19
        ],
        [
            21,
            18,
            11
        ]
    ]
}